{"initial_reset_timestamp": 1576082947.0502288, "timestamps": [1576082948.4005854], "episode_lengths": [17], "episode_rewards": [17.0], "episode_types": ["t"]}